"name","city","phone","addr"
"Ahmed","Edison","732-344-3767","18 Main"
"Ajla","Morristown","202-454-8877","25 Park"
"Bob","San Francisco","415-234-6789",
"Boshen","Edison","732-343-6689","40 High"
"Devarsh","New Brunswick","732-552-4566","3 Hamilton"
"Erik","San Francisco","415-234-6789",
"Gunjan","New York","212-634-4563","111 5th Ave"
"Harshal","New Brunswick","732-656-3663","2 Georges"
"Herb","Boston",,
"Jeanie","New York","212-454-8877","25 Park Slope"
"Jesse","San Francisco","415-234-6789",
"Joe","New York","917-452-7841","102 5th Ave"
"John","Chicago",,"1060 West Addison"
"Justin","Boston",,
"Kayla","Edison","732-344-3767","19 Main"
"Laura","Metuchen","201-454-8877","25 Green"
"Mike","Boston",,
"Rebecca","Chicago",,"1060 West Addison"
"Sahil","New York","212-766-8637","12 Spring A Street"
"Tatiana","Metuchen","201-454-6689","21 Green"
"Tom","Chicago",,"1060 West Addison"
"Vedant","New Brunswick","732-112-4664","5 Georges"
"Vince","New York","234-456-7890","161st St and River Ave"
"Vishal","Edison","732-299-3773","15 Main"
"Yuchen","Metuchen","201-343-6689","34 Green"
"Yuhan","Edison","732-646-8989","25 Main"
